areaType,areaName,areaCode,date,newAdmissions,cumAdmissions
nation,England,E92000001,2020-09-12,143,114944
nation,England,E92000001,2020-09-11,135,114801
nation,England,E92000001,2020-09-10,143,114666
nation,England,E92000001,2020-09-09,136,114523
nation,England,E92000001,2020-09-08,99,114387
nation,England,E92000001,2020-09-07,84,114288
nation,England,E92000001,2020-09-06,85,114204
nation,England,E92000001,2020-09-05,94,114119
nation,England,E92000001,2020-09-04,67,114025
nation,England,E92000001,2020-09-03,69,113958
nation,England,E92000001,2020-09-02,79,113889
nation,England,E92000001,2020-09-01,58,113810
nation,England,E92000001,2020-08-31,52,113752
nation,England,E92000001,2020-08-30,38,113700
nation,England,E92000001,2020-08-29,52,113662
nation,England,E92000001,2020-08-28,44,113610
nation,England,E92000001,2020-08-27,69,113566
nation,England,E92000001,2020-08-26,52,113497
nation,England,E92000001,2020-08-25,60,113445
nation,England,E92000001,2020-08-24,41,113385
nation,England,E92000001,2020-08-23,44,113344
nation,England,E92000001,2020-08-22,25,113300
nation,England,E92000001,2020-08-21,49,113275
nation,England,E92000001,2020-08-20,45,113226
nation,England,E92000001,2020-08-19,58,113181
nation,England,E92000001,2020-08-18,56,113123
nation,England,E92000001,2020-08-17,46,113067
nation,England,E92000001,2020-08-16,39,113021
nation,England,E92000001,2020-08-15,38,112982
nation,England,E92000001,2020-08-14,55,112944
nation,England,E92000001,2020-08-13,60,112889
nation,England,E92000001,2020-08-12,51,112829
nation,England,E92000001,2020-08-11,63,112778
nation,England,E92000001,2020-08-10,50,112715
nation,England,E92000001,2020-08-09,53,112665
nation,England,E92000001,2020-08-08,78,112612
nation,England,E92000001,2020-08-07,60,112534
nation,England,E92000001,2020-08-06,52,112474
nation,England,E92000001,2020-08-05,60,112422
nation,England,E92000001,2020-08-04,58,112362
nation,England,E92000001,2020-08-03,74,112304
nation,England,E92000001,2020-08-02,57,112230
nation,England,E92000001,2020-08-01,50,112173
nation,England,E92000001,2020-07-31,55,112123
nation,England,E92000001,2020-07-30,75,112068
nation,England,E92000001,2020-07-29,63,111993
nation,England,E92000001,2020-07-28,69,111930
nation,England,E92000001,2020-07-27,82,111861
nation,England,E92000001,2020-07-26,64,111779
nation,England,E92000001,2020-07-25,65,111715
nation,England,E92000001,2020-07-24,93,111650
nation,England,E92000001,2020-07-23,109,111557
nation,England,E92000001,2020-07-22,82,111448
nation,England,E92000001,2020-07-21,79,111366
nation,England,E92000001,2020-07-20,86,111287
nation,England,E92000001,2020-07-19,72,111201
nation,England,E92000001,2020-07-18,48,111129
nation,England,E92000001,2020-07-17,83,111081
nation,England,E92000001,2020-07-16,114,110998
nation,England,E92000001,2020-07-15,116,110884
nation,England,E92000001,2020-07-14,122,110768
nation,England,E92000001,2020-07-13,137,110646
nation,England,E92000001,2020-07-12,72,110509
nation,England,E92000001,2020-07-11,97,110437
nation,England,E92000001,2020-07-10,104,110340
nation,England,E92000001,2020-07-09,136,110236
nation,England,E92000001,2020-07-08,141,110100
nation,England,E92000001,2020-07-07,148,109959
nation,England,E92000001,2020-07-06,150,109811
nation,England,E92000001,2020-07-05,131,109661
nation,England,E92000001,2020-07-04,120,109530
nation,England,E92000001,2020-07-03,146,109410
nation,England,E92000001,2020-07-02,149,109264
nation,England,E92000001,2020-07-01,201,109115
nation,England,E92000001,2020-06-30,189,108914
nation,England,E92000001,2020-06-29,172,108725
nation,England,E92000001,2020-06-28,155,108553
nation,England,E92000001,2020-06-27,209,108398
nation,England,E92000001,2020-06-26,248,108189
nation,England,E92000001,2020-06-25,256,107941
nation,England,E92000001,2020-06-24,262,107685
nation,England,E92000001,2020-06-23,275,107423
nation,England,E92000001,2020-06-22,318,107148
nation,England,E92000001,2020-06-21,215,106830
nation,England,E92000001,2020-06-20,184,106615
nation,England,E92000001,2020-06-19,253,106431
nation,England,E92000001,2020-06-18,312,106178
nation,England,E92000001,2020-06-17,334,105866
nation,England,E92000001,2020-06-16,354,105532
nation,England,E92000001,2020-06-15,365,105178
nation,England,E92000001,2020-06-14,306,104813
nation,England,E92000001,2020-06-13,265,104507
nation,England,E92000001,2020-06-12,298,104242
nation,England,E92000001,2020-06-11,330,103944
nation,England,E92000001,2020-06-10,402,103614
nation,England,E92000001,2020-06-09,397,103212
nation,England,E92000001,2020-06-08,348,102815
nation,England,E92000001,2020-06-07,323,102467
nation,England,E92000001,2020-06-06,306,102144
nation,England,E92000001,2020-06-05,380,101838
nation,England,E92000001,2020-06-04,458,101458
nation,England,E92000001,2020-06-03,491,101000
nation,England,E92000001,2020-06-02,553,100509
nation,England,E92000001,2020-06-01,522,99956
nation,England,E92000001,2020-05-31,446,99434
nation,England,E92000001,2020-05-30,466,98988
nation,England,E92000001,2020-05-29,499,98522
nation,England,E92000001,2020-05-28,570,98023
nation,England,E92000001,2020-05-27,589,97453
nation,England,E92000001,2020-05-26,578,96864
nation,England,E92000001,2020-05-25,498,96286
nation,England,E92000001,2020-05-24,497,95788
nation,England,E92000001,2020-05-23,504,95291
nation,England,E92000001,2020-05-22,638,94787
nation,England,E92000001,2020-05-21,715,94149
nation,England,E92000001,2020-05-20,732,93434
nation,England,E92000001,2020-05-19,752,92702
nation,England,E92000001,2020-05-18,733,91950
nation,England,E92000001,2020-05-17,673,91217
nation,England,E92000001,2020-05-16,671,90544
nation,England,E92000001,2020-05-15,738,89873
nation,England,E92000001,2020-05-14,763,89135
nation,England,E92000001,2020-05-13,804,88372
nation,England,E92000001,2020-05-12,844,87568
nation,England,E92000001,2020-05-11,866,86724
nation,England,E92000001,2020-05-10,756,85858
nation,England,E92000001,2020-05-09,798,85102
nation,England,E92000001,2020-05-08,743,84304
nation,England,E92000001,2020-05-07,998,83561
nation,England,E92000001,2020-05-06,1040,82563
nation,England,E92000001,2020-05-05,959,81523
nation,England,E92000001,2020-05-04,1063,80564
nation,England,E92000001,2020-05-03,1044,79501
nation,England,E92000001,2020-05-02,980,78457
nation,England,E92000001,2020-05-01,1081,77477
nation,England,E92000001,2020-04-30,1227,76396
nation,England,E92000001,2020-04-29,1295,75169
nation,England,E92000001,2020-04-28,1296,73874
nation,England,E92000001,2020-04-27,1344,72578
nation,England,E92000001,2020-04-26,1208,71234
nation,England,E92000001,2020-04-25,1080,70026
nation,England,E92000001,2020-04-24,1277,68946
nation,England,E92000001,2020-04-23,1289,67669
nation,England,E92000001,2020-04-22,1310,66380
nation,England,E92000001,2020-04-21,1495,65070
nation,England,E92000001,2020-04-20,1522,63575
nation,England,E92000001,2020-04-19,1475,62053
nation,England,E92000001,2020-04-18,1411,60578
nation,England,E92000001,2020-04-17,1674,59167
nation,England,E92000001,2020-04-16,1777,57493
nation,England,E92000001,2020-04-15,1608,55716
nation,England,E92000001,2020-04-14,1859,54108
nation,England,E92000001,2020-04-13,1912,52249
nation,England,E92000001,2020-04-12,1791,50337
nation,England,E92000001,2020-04-11,1955,48546
nation,England,E92000001,2020-04-10,2196,46591
nation,England,E92000001,2020-04-09,2340,44395
nation,England,E92000001,2020-04-08,2619,42055
nation,England,E92000001,2020-04-07,2744,39436
nation,England,E92000001,2020-04-06,2679,36692
nation,England,E92000001,2020-04-05,2592,34013
nation,England,E92000001,2020-04-04,2593,31421
nation,England,E92000001,2020-04-03,2564,28828
nation,England,E92000001,2020-04-02,2932,26264
nation,England,E92000001,2020-04-01,3099,23332
nation,England,E92000001,2020-03-31,2447,20233
nation,England,E92000001,2020-03-30,2817,17786
nation,England,E92000001,2020-03-29,2186,14969
nation,England,E92000001,2020-03-28,1873,12783
nation,England,E92000001,2020-03-27,1931,10910
nation,England,E92000001,2020-03-26,1639,8979
nation,England,E92000001,2020-03-25,1755,7340
nation,England,E92000001,2020-03-24,1544,5585
nation,England,E92000001,2020-03-23,1128,4041
nation,England,E92000001,2020-03-22,859,2913
nation,England,E92000001,2020-03-21,777,2054
nation,England,E92000001,2020-03-20,691,1277
nation,England,E92000001,2020-03-19,586,586
nation,Northern Ireland,N92000002,2020-09-10,3,1609
nation,Northern Ireland,N92000002,2020-09-09,0,1606
nation,Northern Ireland,N92000002,2020-09-08,4,1606
nation,Northern Ireland,N92000002,2020-09-07,0,1602
nation,Northern Ireland,N92000002,2020-09-06,3,1602
nation,Northern Ireland,N92000002,2020-09-05,1,1599
nation,Northern Ireland,N92000002,2020-09-04,1,1598
nation,Northern Ireland,N92000002,2020-09-03,1,1597
nation,Northern Ireland,N92000002,2020-09-02,0,1596
nation,Northern Ireland,N92000002,2020-09-01,3,1596
nation,Northern Ireland,N92000002,2020-08-31,3,1593
nation,Northern Ireland,N92000002,2020-08-30,3,1590
nation,Northern Ireland,N92000002,2020-08-29,2,1587
nation,Northern Ireland,N92000002,2020-08-28,2,1585
nation,Northern Ireland,N92000002,2020-08-27,1,1583
nation,Northern Ireland,N92000002,2020-08-26,0,1582
nation,Northern Ireland,N92000002,2020-08-25,2,1582
nation,Northern Ireland,N92000002,2020-08-24,8,1580
nation,Northern Ireland,N92000002,2020-08-23,2,1572
nation,Northern Ireland,N92000002,2020-08-22,1,1570
nation,Northern Ireland,N92000002,2020-08-21,3,1569
nation,Northern Ireland,N92000002,2020-08-20,2,1566
nation,Northern Ireland,N92000002,2020-08-19,6,1564
nation,Northern Ireland,N92000002,2020-08-18,4,1558
nation,Northern Ireland,N92000002,2020-08-17,6,1554
nation,Northern Ireland,N92000002,2020-08-16,2,1548
nation,Northern Ireland,N92000002,2020-08-15,2,1546
nation,Northern Ireland,N92000002,2020-08-14,1,1544
nation,Northern Ireland,N92000002,2020-08-13,1,1543
nation,Northern Ireland,N92000002,2020-08-12,2,1542
nation,Northern Ireland,N92000002,2020-08-11,1,1540
nation,Northern Ireland,N92000002,2020-08-10,0,1539
nation,Northern Ireland,N92000002,2020-08-09,2,1539
nation,Northern Ireland,N92000002,2020-08-08,5,1537
nation,Northern Ireland,N92000002,2020-08-06,1,1532
nation,Northern Ireland,N92000002,2020-08-05,1,1531
nation,Northern Ireland,N92000002,2020-08-04,0,1530
nation,Northern Ireland,N92000002,2020-08-03,3,1530
nation,Northern Ireland,N92000002,2020-08-02,0,1527
nation,Northern Ireland,N92000002,2020-08-01,2,1527
nation,Northern Ireland,N92000002,2020-07-31,1,1525
nation,Northern Ireland,N92000002,2020-07-30,1,1524
nation,Northern Ireland,N92000002,2020-07-29,2,1523
nation,Northern Ireland,N92000002,2020-07-28,1,1521
nation,Northern Ireland,N92000002,2020-07-27,2,1520
nation,Northern Ireland,N92000002,2020-07-26,0,1518
nation,Northern Ireland,N92000002,2020-07-25,0,1518
nation,Northern Ireland,N92000002,2020-07-24,2,1518
nation,Northern Ireland,N92000002,2020-07-23,0,1516
nation,Northern Ireland,N92000002,2020-07-22,2,1516
nation,Northern Ireland,N92000002,2020-07-21,0,1514
nation,Northern Ireland,N92000002,2020-07-20,1,1514
nation,Northern Ireland,N92000002,2020-07-19,1,1513
nation,Northern Ireland,N92000002,2020-07-18,2,1512
nation,Northern Ireland,N92000002,2020-07-17,0,1510
nation,Northern Ireland,N92000002,2020-07-16,2,1510
nation,Northern Ireland,N92000002,2020-07-15,1,1508
nation,Northern Ireland,N92000002,2020-07-14,0,1507
nation,Northern Ireland,N92000002,2020-07-13,1,1507
nation,Northern Ireland,N92000002,2020-07-12,0,1506
nation,Northern Ireland,N92000002,2020-07-11,0,1506
nation,Northern Ireland,N92000002,2020-07-10,0,1506
nation,Northern Ireland,N92000002,2020-07-09,0,1506
nation,Northern Ireland,N92000002,2020-07-08,2,1506
nation,Northern Ireland,N92000002,2020-07-07,1,1504
nation,Northern Ireland,N92000002,2020-07-06,1,1503
nation,Northern Ireland,N92000002,2020-07-05,0,1502
nation,Northern Ireland,N92000002,2020-07-04,2,1502
nation,Northern Ireland,N92000002,2020-07-03,1,1500
nation,Northern Ireland,N92000002,2020-07-02,1,1499
nation,Northern Ireland,N92000002,2020-07-01,0,1498
nation,Northern Ireland,N92000002,2020-06-30,2,1498
nation,Northern Ireland,N92000002,2020-06-29,1,1496
nation,Northern Ireland,N92000002,2020-06-28,3,1495
nation,Northern Ireland,N92000002,2020-06-27,0,1492
nation,Northern Ireland,N92000002,2020-06-26,1,1492
nation,Northern Ireland,N92000002,2020-06-25,1,1491
nation,Northern Ireland,N92000002,2020-06-24,1,1490
nation,Northern Ireland,N92000002,2020-06-23,3,1489
nation,Northern Ireland,N92000002,2020-06-22,1,1486
nation,Northern Ireland,N92000002,2020-06-21,3,1485
nation,Northern Ireland,N92000002,2020-06-20,3,1482
nation,Northern Ireland,N92000002,2020-06-19,0,1479
nation,Northern Ireland,N92000002,2020-06-18,0,1479
nation,Northern Ireland,N92000002,2020-06-17,1,1479
nation,Northern Ireland,N92000002,2020-06-16,1,1478
nation,Northern Ireland,N92000002,2020-06-15,0,1477
nation,Northern Ireland,N92000002,2020-06-14,0,1477
nation,Northern Ireland,N92000002,2020-06-13,2,1477
nation,Northern Ireland,N92000002,2020-06-12,2,1475
nation,Northern Ireland,N92000002,2020-06-11,5,1473
nation,Northern Ireland,N92000002,2020-06-10,6,1468
nation,Northern Ireland,N92000002,2020-06-09,7,1462
nation,Northern Ireland,N92000002,2020-06-08,2,1455
nation,Northern Ireland,N92000002,2020-06-07,1,1453
nation,Northern Ireland,N92000002,2020-06-06,3,1452
nation,Northern Ireland,N92000002,2020-06-05,2,1449
nation,Northern Ireland,N92000002,2020-06-04,3,1447
nation,Northern Ireland,N92000002,2020-06-03,3,1444
nation,Northern Ireland,N92000002,2020-06-02,4,1441
nation,Northern Ireland,N92000002,2020-06-01,2,1437
nation,Northern Ireland,N92000002,2020-05-31,4,1435
nation,Northern Ireland,N92000002,2020-05-30,6,1431
nation,Northern Ireland,N92000002,2020-05-29,5,1425
nation,Northern Ireland,N92000002,2020-05-28,6,1420
nation,Northern Ireland,N92000002,2020-05-27,5,1414
nation,Northern Ireland,N92000002,2020-05-26,9,1409
nation,Northern Ireland,N92000002,2020-05-25,10,1400
nation,Northern Ireland,N92000002,2020-05-24,5,1390
nation,Northern Ireland,N92000002,2020-05-23,3,1385
nation,Northern Ireland,N92000002,2020-05-22,5,1382
nation,Northern Ireland,N92000002,2020-05-21,8,1377
nation,Northern Ireland,N92000002,2020-05-20,4,1369
nation,Northern Ireland,N92000002,2020-05-19,11,1365
nation,Northern Ireland,N92000002,2020-05-18,10,1354
nation,Northern Ireland,N92000002,2020-05-17,12,1344
nation,Northern Ireland,N92000002,2020-05-16,8,1332
nation,Northern Ireland,N92000002,2020-05-15,11,1324
nation,Northern Ireland,N92000002,2020-05-14,12,1313
nation,Northern Ireland,N92000002,2020-05-13,17,1301
nation,Northern Ireland,N92000002,2020-05-12,10,1284
nation,Northern Ireland,N92000002,2020-05-11,22,1274
nation,Northern Ireland,N92000002,2020-05-10,18,1252
nation,Northern Ireland,N92000002,2020-05-09,17,1234
nation,Northern Ireland,N92000002,2020-05-08,7,1217
nation,Northern Ireland,N92000002,2020-05-07,11,1210
nation,Northern Ireland,N92000002,2020-05-06,15,1199
nation,Northern Ireland,N92000002,2020-05-05,10,1184
nation,Northern Ireland,N92000002,2020-05-04,11,1174
nation,Northern Ireland,N92000002,2020-05-03,9,1163
nation,Northern Ireland,N92000002,2020-05-02,10,1154
nation,Northern Ireland,N92000002,2020-05-01,20,1144
nation,Northern Ireland,N92000002,2020-04-30,28,1124
nation,Northern Ireland,N92000002,2020-04-29,16,1096
nation,Northern Ireland,N92000002,2020-04-28,11,1080
nation,Northern Ireland,N92000002,2020-04-27,20,1069
nation,Northern Ireland,N92000002,2020-04-26,11,1049
nation,Northern Ireland,N92000002,2020-04-25,17,1038
nation,Northern Ireland,N92000002,2020-04-24,23,1021
nation,Northern Ireland,N92000002,2020-04-23,23,998
nation,Northern Ireland,N92000002,2020-04-22,23,975
nation,Northern Ireland,N92000002,2020-04-21,30,952
nation,Northern Ireland,N92000002,2020-04-20,32,922
nation,Northern Ireland,N92000002,2020-04-19,22,890
nation,Northern Ireland,N92000002,2020-04-18,15,868
nation,Northern Ireland,N92000002,2020-04-17,29,853
nation,Northern Ireland,N92000002,2020-04-16,31,824
nation,Northern Ireland,N92000002,2020-04-15,21,793
nation,Northern Ireland,N92000002,2020-04-14,22,772
nation,Northern Ireland,N92000002,2020-04-13,18,750
nation,Northern Ireland,N92000002,2020-04-12,23,732
nation,Northern Ireland,N92000002,2020-04-11,19,709
nation,Northern Ireland,N92000002,2020-04-10,19,690
nation,Northern Ireland,N92000002,2020-04-09,32,671
nation,Northern Ireland,N92000002,2020-04-08,30,639
nation,Northern Ireland,N92000002,2020-04-07,39,609
nation,Northern Ireland,N92000002,2020-04-06,41,570
nation,Northern Ireland,N92000002,2020-04-05,27,529
nation,Northern Ireland,N92000002,2020-04-04,39,502
nation,Northern Ireland,N92000002,2020-04-03,44,463
nation,Northern Ireland,N92000002,2020-04-02,43,419
nation,Northern Ireland,N92000002,2020-04-01,44,376
nation,Northern Ireland,N92000002,2020-03-31,43,332
nation,Northern Ireland,N92000002,2020-03-30,34,289
nation,Northern Ireland,N92000002,2020-03-29,34,255
nation,Northern Ireland,N92000002,2020-03-28,37,221
nation,Northern Ireland,N92000002,2020-03-27,28,184
nation,Northern Ireland,N92000002,2020-03-26,28,156
nation,Northern Ireland,N92000002,2020-03-25,29,128
nation,Northern Ireland,N92000002,2020-03-24,15,99
nation,Northern Ireland,N92000002,2020-03-23,16,84
nation,Northern Ireland,N92000002,2020-03-22,8,68
nation,Northern Ireland,N92000002,2020-03-21,11,60
nation,Northern Ireland,N92000002,2020-03-20,10,49
nation,Northern Ireland,N92000002,2020-03-19,4,39
nation,Northern Ireland,N92000002,2020-03-18,7,35
nation,Northern Ireland,N92000002,2020-03-17,4,28
nation,Northern Ireland,N92000002,2020-03-16,4,24
nation,Northern Ireland,N92000002,2020-03-15,1,20
nation,Northern Ireland,N92000002,2020-03-14,2,19
nation,Northern Ireland,N92000002,2020-03-13,2,17
nation,Northern Ireland,N92000002,2020-03-12,4,15
nation,Northern Ireland,N92000002,2020-03-11,3,11
nation,Northern Ireland,N92000002,2020-03-10,2,8
nation,Northern Ireland,N92000002,2020-03-09,1,6
nation,Northern Ireland,N92000002,2020-03-08,0,5
nation,Northern Ireland,N92000002,2020-03-07,0,5
nation,Northern Ireland,N92000002,2020-03-06,3,5
nation,Northern Ireland,N92000002,2020-03-05,1,2
nation,Northern Ireland,N92000002,2020-03-04,0,1
nation,Northern Ireland,N92000002,2020-03-03,0,1
nation,Northern Ireland,N92000002,2020-03-02,1,1
nation,Scotland,S92000003,2020-09-02,3,6003
nation,Scotland,S92000003,2020-09-01,1,6000
nation,Scotland,S92000003,2020-08-31,3,5999
nation,Scotland,S92000003,2020-08-30,2,5996
nation,Scotland,S92000003,2020-08-29,2,5994
nation,Scotland,S92000003,2020-08-28,4,5992
nation,Scotland,S92000003,2020-08-27,3,5988
nation,Scotland,S92000003,2020-08-26,3,5985
nation,Scotland,S92000003,2020-08-25,5,5982
nation,Scotland,S92000003,2020-08-24,3,5977
nation,Scotland,S92000003,2020-08-23,0,5974
nation,Scotland,S92000003,2020-08-22,2,5974
nation,Scotland,S92000003,2020-08-21,2,5972
nation,Scotland,S92000003,2020-08-20,4,5970
nation,Scotland,S92000003,2020-08-19,2,5966
nation,Scotland,S92000003,2020-08-18,1,5964
nation,Scotland,S92000003,2020-08-17,2,5963
nation,Scotland,S92000003,2020-08-16,1,5961
nation,Scotland,S92000003,2020-08-15,4,5960
nation,Scotland,S92000003,2020-08-14,2,5956
nation,Scotland,S92000003,2020-08-13,1,5954
nation,Scotland,S92000003,2020-08-12,0,5953
nation,Scotland,S92000003,2020-08-11,1,5953
nation,Scotland,S92000003,2020-08-10,3,5952
nation,Scotland,S92000003,2020-08-09,0,5949
nation,Scotland,S92000003,2020-08-08,0,5949
nation,Scotland,S92000003,2020-08-07,1,5949
nation,Scotland,S92000003,2020-08-06,0,5948
nation,Scotland,S92000003,2020-08-05,2,5948
nation,Scotland,S92000003,2020-08-04,1,5946
nation,Scotland,S92000003,2020-08-03,0,5945
nation,Scotland,S92000003,2020-08-02,0,5945
nation,Scotland,S92000003,2020-08-01,1,5945
nation,Scotland,S92000003,2020-07-31,0,5944
nation,Scotland,S92000003,2020-07-30,0,5944
nation,Scotland,S92000003,2020-07-29,2,5944
nation,Scotland,S92000003,2020-07-28,0,5942
nation,Scotland,S92000003,2020-07-27,1,5942
nation,Scotland,S92000003,2020-07-26,0,5941
nation,Scotland,S92000003,2020-07-25,3,5941
nation,Scotland,S92000003,2020-07-24,0,5938
nation,Scotland,S92000003,2020-07-23,0,5938
nation,Scotland,S92000003,2020-07-22,1,5938
nation,Scotland,S92000003,2020-07-21,0,5937
nation,Scotland,S92000003,2020-07-20,0,5937
nation,Scotland,S92000003,2020-07-19,2,5937
nation,Scotland,S92000003,2020-07-18,0,5935
nation,Scotland,S92000003,2020-07-17,0,5935
nation,Scotland,S92000003,2020-07-16,1,5935
nation,Scotland,S92000003,2020-07-15,0,5934
nation,Scotland,S92000003,2020-07-14,0,5934
nation,Scotland,S92000003,2020-07-13,0,5934
nation,Scotland,S92000003,2020-07-12,1,5934
nation,Scotland,S92000003,2020-07-11,2,5933
nation,Scotland,S92000003,2020-07-10,2,5931
nation,Scotland,S92000003,2020-07-09,0,5929
nation,Scotland,S92000003,2020-07-08,0,5929
nation,Scotland,S92000003,2020-07-07,1,5929
nation,Scotland,S92000003,2020-07-06,2,5928
nation,Scotland,S92000003,2020-07-05,1,5926
nation,Scotland,S92000003,2020-07-04,1,5925
nation,Scotland,S92000003,2020-07-03,1,5924
nation,Scotland,S92000003,2020-07-02,0,5923
nation,Scotland,S92000003,2020-07-01,2,5923
nation,Scotland,S92000003,2020-06-30,0,5921
nation,Scotland,S92000003,2020-06-29,1,5921
nation,Scotland,S92000003,2020-06-28,2,5920
nation,Scotland,S92000003,2020-06-27,2,5918
nation,Scotland,S92000003,2020-06-26,0,5916
nation,Scotland,S92000003,2020-06-25,2,5916
nation,Scotland,S92000003,2020-06-24,2,5914
nation,Scotland,S92000003,2020-06-23,4,5912
nation,Scotland,S92000003,2020-06-22,4,5908
nation,Scotland,S92000003,2020-06-21,1,5904
nation,Scotland,S92000003,2020-06-20,2,5903
nation,Scotland,S92000003,2020-06-19,4,5901
nation,Scotland,S92000003,2020-06-18,2,5897
nation,Scotland,S92000003,2020-06-17,5,5895
nation,Scotland,S92000003,2020-06-16,4,5890
nation,Scotland,S92000003,2020-06-15,6,5886
nation,Scotland,S92000003,2020-06-14,6,5880
nation,Scotland,S92000003,2020-06-13,4,5874
nation,Scotland,S92000003,2020-06-12,1,5870
nation,Scotland,S92000003,2020-06-11,6,5869
nation,Scotland,S92000003,2020-06-10,7,5863
nation,Scotland,S92000003,2020-06-09,4,5856
nation,Scotland,S92000003,2020-06-08,3,5852
nation,Scotland,S92000003,2020-06-07,6,5849
nation,Scotland,S92000003,2020-06-06,5,5843
nation,Scotland,S92000003,2020-06-05,10,5838
nation,Scotland,S92000003,2020-06-04,6,5828
nation,Scotland,S92000003,2020-06-03,7,5822
nation,Scotland,S92000003,2020-06-02,4,5815
nation,Scotland,S92000003,2020-06-01,7,5811
nation,Scotland,S92000003,2020-05-31,10,5804
nation,Scotland,S92000003,2020-05-30,3,5794
nation,Scotland,S92000003,2020-05-29,10,5791
nation,Scotland,S92000003,2020-05-28,6,5781
nation,Scotland,S92000003,2020-05-27,10,5775
nation,Scotland,S92000003,2020-05-26,14,5765
nation,Scotland,S92000003,2020-05-25,13,5751
nation,Scotland,S92000003,2020-05-24,8,5738
nation,Scotland,S92000003,2020-05-23,14,5730
nation,Scotland,S92000003,2020-05-22,15,5716
nation,Scotland,S92000003,2020-05-21,13,5701
nation,Scotland,S92000003,2020-05-20,18,5688
nation,Scotland,S92000003,2020-05-19,12,5670
nation,Scotland,S92000003,2020-05-18,27,5658
nation,Scotland,S92000003,2020-05-17,9,5631
nation,Scotland,S92000003,2020-05-16,18,5622
nation,Scotland,S92000003,2020-05-15,31,5604
nation,Scotland,S92000003,2020-05-14,27,5573
nation,Scotland,S92000003,2020-05-13,26,5546
nation,Scotland,S92000003,2020-05-12,37,5520
nation,Scotland,S92000003,2020-05-11,32,5483
nation,Scotland,S92000003,2020-05-10,26,5451
nation,Scotland,S92000003,2020-05-09,20,5425
nation,Scotland,S92000003,2020-05-08,32,5405
nation,Scotland,S92000003,2020-05-07,36,5373
nation,Scotland,S92000003,2020-05-06,46,5337
nation,Scotland,S92000003,2020-05-05,40,5291
nation,Scotland,S92000003,2020-05-04,52,5251
nation,Scotland,S92000003,2020-05-03,39,5199
nation,Scotland,S92000003,2020-05-02,46,5160
nation,Scotland,S92000003,2020-05-01,55,5114
nation,Scotland,S92000003,2020-04-30,56,5059
nation,Scotland,S92000003,2020-04-29,47,5003
nation,Scotland,S92000003,2020-04-28,71,4956
nation,Scotland,S92000003,2020-04-27,76,4885
nation,Scotland,S92000003,2020-04-26,39,4809
nation,Scotland,S92000003,2020-04-25,43,4770
nation,Scotland,S92000003,2020-04-24,91,4727
nation,Scotland,S92000003,2020-04-23,66,4636
nation,Scotland,S92000003,2020-04-22,64,4570
nation,Scotland,S92000003,2020-04-21,70,4506
nation,Scotland,S92000003,2020-04-20,67,4436
nation,Scotland,S92000003,2020-04-19,57,4369
nation,Scotland,S92000003,2020-04-18,74,4312
nation,Scotland,S92000003,2020-04-17,109,4238
nation,Scotland,S92000003,2020-04-16,97,4129
nation,Scotland,S92000003,2020-04-15,98,4032
nation,Scotland,S92000003,2020-04-14,101,3934
nation,Scotland,S92000003,2020-04-13,102,3833
nation,Scotland,S92000003,2020-04-12,85,3731
nation,Scotland,S92000003,2020-04-11,79,3646
nation,Scotland,S92000003,2020-04-10,116,3567
nation,Scotland,S92000003,2020-04-09,131,3451
nation,Scotland,S92000003,2020-04-08,156,3320
nation,Scotland,S92000003,2020-04-07,171,3164
nation,Scotland,S92000003,2020-04-06,203,2993
nation,Scotland,S92000003,2020-04-05,160,2790
nation,Scotland,S92000003,2020-04-04,153,2630
nation,Scotland,S92000003,2020-04-03,211,2477
nation,Scotland,S92000003,2020-04-02,167,2266
nation,Scotland,S92000003,2020-04-01,213,2099
nation,Scotland,S92000003,2020-03-31,183,1886
nation,Scotland,S92000003,2020-03-30,189,1703
nation,Scotland,S92000003,2020-03-29,137,1514
nation,Scotland,S92000003,2020-03-28,156,1377
nation,Scotland,S92000003,2020-03-27,146,1221
nation,Scotland,S92000003,2020-03-26,155,1075
nation,Scotland,S92000003,2020-03-25,122,920
nation,Scotland,S92000003,2020-03-24,98,798
nation,Scotland,S92000003,2020-03-23,95,700
nation,Scotland,S92000003,2020-03-22,52,605
nation,Scotland,S92000003,2020-03-21,63,553
nation,Scotland,S92000003,2020-03-20,72,490
nation,Scotland,S92000003,2020-03-19,42,418
nation,Scotland,S92000003,2020-03-18,43,376
nation,Scotland,S92000003,2020-03-17,41,333
nation,Scotland,S92000003,2020-03-16,30,292
nation,Scotland,S92000003,2020-03-15,17,262
nation,Scotland,S92000003,2020-03-14,22,245
nation,Scotland,S92000003,2020-03-13,24,223
nation,Scotland,S92000003,2020-03-12,24,199
nation,Scotland,S92000003,2020-03-11,27,175
nation,Scotland,S92000003,2020-03-10,30,148
nation,Scotland,S92000003,2020-03-09,19,118
nation,Scotland,S92000003,2020-03-08,11,99
nation,Scotland,S92000003,2020-03-07,9,88
nation,Scotland,S92000003,2020-03-06,21,79
nation,Scotland,S92000003,2020-03-05,18,58
nation,Scotland,S92000003,2020-03-04,11,40
nation,Scotland,S92000003,2020-03-03,13,29
nation,Scotland,S92000003,2020-03-02,11,16
nation,Scotland,S92000003,2020-03-01,5,5
nation,Wales,W92000004,2020-09-11,70,14651
nation,Wales,W92000004,2020-09-10,49,14581
nation,Wales,W92000004,2020-09-09,56,14532
nation,Wales,W92000004,2020-09-08,65,14476
nation,Wales,W92000004,2020-09-07,46,14411
nation,Wales,W92000004,2020-09-06,42,14365
nation,Wales,W92000004,2020-09-05,27,14323
nation,Wales,W92000004,2020-09-04,69,14296
nation,Wales,W92000004,2020-09-03,70,14227
nation,Wales,W92000004,2020-09-02,59,14157
nation,Wales,W92000004,2020-09-01,69,14098
nation,Wales,W92000004,2020-08-31,29,14029
nation,Wales,W92000004,2020-08-30,33,14000
nation,Wales,W92000004,2020-08-29,52,13967
nation,Wales,W92000004,2020-08-28,83,13915
nation,Wales,W92000004,2020-08-27,70,13832
nation,Wales,W92000004,2020-08-26,69,13762
nation,Wales,W92000004,2020-08-25,49,13693
nation,Wales,W92000004,2020-08-24,36,13644
nation,Wales,W92000004,2020-08-23,26,13608
nation,Wales,W92000004,2020-08-22,39,13582
nation,Wales,W92000004,2020-08-21,54,13543
nation,Wales,W92000004,2020-08-20,39,13489
nation,Wales,W92000004,2020-08-19,45,13450
nation,Wales,W92000004,2020-08-18,63,13405
nation,Wales,W92000004,2020-08-17,38,13342
nation,Wales,W92000004,2020-08-16,37,13304
nation,Wales,W92000004,2020-08-15,52,13267
nation,Wales,W92000004,2020-08-14,39,13215
nation,Wales,W92000004,2020-08-13,63,13176
nation,Wales,W92000004,2020-08-12,45,13113
nation,Wales,W92000004,2020-08-11,47,13068
nation,Wales,W92000004,2020-08-10,31,13021
nation,Wales,W92000004,2020-08-09,51,12990
nation,Wales,W92000004,2020-08-08,55,12939
nation,Wales,W92000004,2020-08-07,53,12884
nation,Wales,W92000004,2020-08-06,45,12831
nation,Wales,W92000004,2020-08-05,74,12786
nation,Wales,W92000004,2020-08-04,65,12712
nation,Wales,W92000004,2020-08-03,29,12647
nation,Wales,W92000004,2020-08-02,35,12618
nation,Wales,W92000004,2020-08-01,73,12583
nation,Wales,W92000004,2020-07-31,54,12510
nation,Wales,W92000004,2020-07-30,53,12456
nation,Wales,W92000004,2020-07-29,64,12403
nation,Wales,W92000004,2020-07-28,49,12339
nation,Wales,W92000004,2020-07-27,43,12290
nation,Wales,W92000004,2020-07-26,45,12247
nation,Wales,W92000004,2020-07-25,48,12202
nation,Wales,W92000004,2020-07-24,61,12154
nation,Wales,W92000004,2020-07-23,88,12093
nation,Wales,W92000004,2020-07-22,72,12005
nation,Wales,W92000004,2020-07-21,46,11933
nation,Wales,W92000004,2020-07-20,43,11887
nation,Wales,W92000004,2020-07-19,51,11844
nation,Wales,W92000004,2020-07-18,54,11793
nation,Wales,W92000004,2020-07-17,59,11739
nation,Wales,W92000004,2020-07-16,48,11680
nation,Wales,W92000004,2020-07-15,48,11632
nation,Wales,W92000004,2020-07-14,63,11584
nation,Wales,W92000004,2020-07-13,50,11521
nation,Wales,W92000004,2020-07-12,41,11471
nation,Wales,W92000004,2020-07-11,76,11430
nation,Wales,W92000004,2020-07-10,68,11354
nation,Wales,W92000004,2020-07-09,75,11286
nation,Wales,W92000004,2020-07-08,63,11211
nation,Wales,W92000004,2020-07-07,64,11148
nation,Wales,W92000004,2020-07-06,50,11084
nation,Wales,W92000004,2020-07-05,63,11034
nation,Wales,W92000004,2020-07-04,78,10971
nation,Wales,W92000004,2020-07-03,65,10893
nation,Wales,W92000004,2020-07-02,64,10828
nation,Wales,W92000004,2020-07-01,66,10764
nation,Wales,W92000004,2020-06-30,104,10698
nation,Wales,W92000004,2020-06-29,46,10594
nation,Wales,W92000004,2020-06-28,47,10548
nation,Wales,W92000004,2020-06-27,74,10501
nation,Wales,W92000004,2020-06-26,88,10427
nation,Wales,W92000004,2020-06-25,64,10339
nation,Wales,W92000004,2020-06-24,101,10275
nation,Wales,W92000004,2020-06-23,79,10174
nation,Wales,W92000004,2020-06-22,67,10095
nation,Wales,W92000004,2020-06-21,68,10028
nation,Wales,W92000004,2020-06-20,68,9960
nation,Wales,W92000004,2020-06-19,78,9892
nation,Wales,W92000004,2020-06-18,87,9814
nation,Wales,W92000004,2020-06-17,91,9727
nation,Wales,W92000004,2020-06-16,95,9636
nation,Wales,W92000004,2020-06-15,68,9541
nation,Wales,W92000004,2020-06-14,52,9473
nation,Wales,W92000004,2020-06-13,114,9421
nation,Wales,W92000004,2020-06-12,90,9307
nation,Wales,W92000004,2020-06-11,104,9217
nation,Wales,W92000004,2020-06-10,97,9113
nation,Wales,W92000004,2020-06-09,84,9016
nation,Wales,W92000004,2020-06-08,59,8932
nation,Wales,W92000004,2020-06-07,76,8873
nation,Wales,W92000004,2020-06-06,92,8797
nation,Wales,W92000004,2020-06-05,82,8705
nation,Wales,W92000004,2020-06-04,97,8623
nation,Wales,W92000004,2020-06-03,131,8526
nation,Wales,W92000004,2020-06-02,106,8395
nation,Wales,W92000004,2020-06-01,73,8289
nation,Wales,W92000004,2020-05-31,68,8216
nation,Wales,W92000004,2020-05-30,93,8148
nation,Wales,W92000004,2020-05-29,99,8055
nation,Wales,W92000004,2020-05-28,120,7956
nation,Wales,W92000004,2020-05-27,106,7836
nation,Wales,W92000004,2020-05-26,96,7730
nation,Wales,W92000004,2020-05-25,82,7634
nation,Wales,W92000004,2020-05-24,78,7552
nation,Wales,W92000004,2020-05-23,121,7474
nation,Wales,W92000004,2020-05-22,81,7353
nation,Wales,W92000004,2020-05-21,105,7272
nation,Wales,W92000004,2020-05-20,95,7167
nation,Wales,W92000004,2020-05-19,105,7072
nation,Wales,W92000004,2020-05-18,77,6967
nation,Wales,W92000004,2020-05-17,98,6890
nation,Wales,W92000004,2020-05-16,117,6792
nation,Wales,W92000004,2020-05-15,88,6675
nation,Wales,W92000004,2020-05-14,105,6587
nation,Wales,W92000004,2020-05-13,119,6482
nation,Wales,W92000004,2020-05-12,92,6363
nation,Wales,W92000004,2020-05-11,108,6271
nation,Wales,W92000004,2020-05-10,114,6163
nation,Wales,W92000004,2020-05-09,106,6049
nation,Wales,W92000004,2020-05-08,127,5943
nation,Wales,W92000004,2020-05-07,119,5816
nation,Wales,W92000004,2020-05-06,103,5697
nation,Wales,W92000004,2020-05-05,136,5594
nation,Wales,W92000004,2020-05-04,121,5458
nation,Wales,W92000004,2020-05-03,94,5337
nation,Wales,W92000004,2020-05-02,142,5243
nation,Wales,W92000004,2020-05-01,107,5101
nation,Wales,W92000004,2020-04-30,132,4994
nation,Wales,W92000004,2020-04-29,127,4862
nation,Wales,W92000004,2020-04-28,139,4735
nation,Wales,W92000004,2020-04-27,95,4596
nation,Wales,W92000004,2020-04-26,97,4501
nation,Wales,W92000004,2020-04-25,112,4404
nation,Wales,W92000004,2020-04-24,135,4292
nation,Wales,W92000004,2020-04-23,134,4157
nation,Wales,W92000004,2020-04-22,127,4023
nation,Wales,W92000004,2020-04-21,117,3896
nation,Wales,W92000004,2020-04-20,114,3779
nation,Wales,W92000004,2020-04-19,102,3665
nation,Wales,W92000004,2020-04-18,129,3563
nation,Wales,W92000004,2020-04-17,151,3434
nation,Wales,W92000004,2020-04-16,104,3283
nation,Wales,W92000004,2020-04-15,151,3179
nation,Wales,W92000004,2020-04-14,106,3028
nation,Wales,W92000004,2020-04-13,130,2922
nation,Wales,W92000004,2020-04-12,168,2792
nation,Wales,W92000004,2020-04-11,106,2624
nation,Wales,W92000004,2020-04-10,129,2518
nation,Wales,W92000004,2020-04-09,126,2389
nation,Wales,W92000004,2020-04-08,158,2263
nation,Wales,W92000004,2020-04-07,196,2105
nation,Wales,W92000004,2020-04-06,123,1909
nation,Wales,W92000004,2020-04-05,134,1786
nation,Wales,W92000004,2020-04-04,134,1652
nation,Wales,W92000004,2020-04-03,110,1518
nation,Wales,W92000004,2020-04-02,139,1408
nation,Wales,W92000004,2020-04-01,207,1269
nation,Wales,W92000004,2020-03-31,158,1062
nation,Wales,W92000004,2020-03-30,147,904
nation,Wales,W92000004,2020-03-29,133,757
nation,Wales,W92000004,2020-03-28,126,624
nation,Wales,W92000004,2020-03-27,118,498
nation,Wales,W92000004,2020-03-26,107,380
nation,Wales,W92000004,2020-03-25,178,273
nation,Wales,W92000004,2020-03-24,63,95
nation,Wales,W92000004,2020-03-23,32,32
